{"cameraMode":{"drawMode":0,"name":"Shaded","section":"Shading Mode"},"sceneLighting":true,"audioPlay":false,"sceneViewState":{"showFog":true,"showMaterialUpdate":false,"showSkybox":true,"showFlares":true,"showImageEffects":true,"showParticleSystems":true},"in2DMode":false,"pivot":{"x":-1.4200000762939454,"y":0.525071382522583,"z":-1.880000114440918},"rotation":{"x":-0.25066322088241579,"y":0.6926285028457642,"z":-0.28253257274627688,"w":-0.6145006418228149},"size":4.595130443572998,"orthographic":false}