{"cameraMode":{"drawMode":0,"name":"Shaded","section":"Shading Mode"},"sceneLighting":true,"audioPlay":false,"sceneViewState":{"showFog":true,"showMaterialUpdate":false,"showSkybox":false,"showFlares":true,"showImageEffects":true,"showParticleSystems":true},"in2DMode":false,"pivot":{"x":-1.4199999570846558,"y":0.525071382522583,"z":-1.8799999952316285},"rotation":{"x":-0.25066322088241579,"y":0.6926285028457642,"z":-0.28253257274627688,"w":-0.6145006418228149},"size":0.2598075866699219,"orthographic":false}