{"cameraMode":{"drawMode":0,"name":"Shaded","section":"Shading Mode"},"sceneLighting":true,"audioPlay":false,"sceneViewState":{"showFog":true,"showMaterialUpdate":false,"showSkybox":true,"showFlares":true,"showImageEffects":true,"showParticleSystems":true},"in2DMode":false,"pivot":{"x":-10.726203918457032,"y":-0.7016429901123047,"z":38.9636344909668},"rotation":{"x":-0.1700073629617691,"y":0.7666316628456116,"z":-0.22611163556575776,"w":-0.5764099359512329},"size":36.25370788574219,"orthographic":false}