{"cameraMode":{"drawMode":0,"name":"Shaded","section":"Shading Mode"},"sceneLighting":false,"audioPlay":false,"sceneViewState":{"showFog":true,"showMaterialUpdate":false,"showSkybox":false,"showFlares":true,"showImageEffects":true,"showParticleSystems":true},"in2DMode":false,"pivot":{"x":2.8444676399230959,"y":8.205763816833496,"z":23.862796783447267},"rotation":{"x":-0.0772431418299675,"y":0.8551257252693176,"z":-0.13344945013523103,"w":-0.49496209621429446},"size":0.8797428607940674,"orthographic":false}