{"cameraMode":{"drawMode":0,"name":"Shaded","section":"Shading Mode"},"sceneLighting":true,"audioPlay":false,"sceneViewState":{"showFog":true,"showMaterialUpdate":false,"showSkybox":false,"showFlares":true,"showImageEffects":true,"showParticleSystems":true},"in2DMode":false,"pivot":{"x":0.26999998092651369,"y":0.869999885559082,"z":-3.8131465911865236},"rotation":{"x":-0.3356640934944153,"y":-0.0008504861034452915,"z":0.0003027851053047925,"w":-0.9419829249382019},"size":12.12435531616211,"orthographic":false}