{"cameraMode":{"drawMode":0,"name":"Shaded","section":"Shading Mode"},"sceneLighting":false,"audioPlay":false,"sceneViewState":{"showFog":true,"showMaterialUpdate":false,"showSkybox":false,"showFlares":true,"showImageEffects":true,"showParticleSystems":true},"in2DMode":false,"pivot":{"x":-1.4199999570846558,"y":0.525071382522583,"z":-1.8799999952316285},"rotation":{"x":-0.06186778098344803,"y":0.8914100527763367,"z":-0.1281745433807373,"w":-0.4302694499492645},"size":0.8598076701164246,"orthographic":false}