{"cameraMode":{"drawMode":0,"name":"Shaded","section":"Shading Mode"},"sceneLighting":false,"audioPlay":false,"sceneViewState":{"showFog":true,"showMaterialUpdate":false,"showSkybox":false,"showFlares":true,"showImageEffects":true,"showParticleSystems":true},"in2DMode":false,"pivot":{"x":-1.7822155952453614,"y":0.6148536205291748,"z":-1.4480724334716797},"rotation":{"x":-0.1559649407863617,"y":0.7585914731025696,"z":-0.1967817097902298,"w":-0.6012435555458069},"size":1.7914855480194092,"orthographic":false}