{"cameraMode":{"drawMode":0,"name":"Shaded","section":"Shading Mode"},"sceneLighting":false,"audioPlay":false,"sceneViewState":{"showFog":true,"showMaterialUpdate":false,"showSkybox":false,"showFlares":true,"showImageEffects":true,"showParticleSystems":true},"in2DMode":false,"pivot":{"x":0.14719811081886292,"y":0.38459688425064089,"z":-0.003459930419921875},"rotation":{"x":-0.2597499191761017,"y":0.017957482486963273,"z":-0.00483129546046257,"w":-0.9654971957206726},"size":0.952627956867218,"orthographic":false}