{"cameraMode":{"drawMode":0,"name":"Shaded","section":"Shading Mode"},"sceneLighting":false,"audioPlay":false,"sceneViewState":{"showFog":true,"showMaterialUpdate":false,"showSkybox":false,"showFlares":true,"showImageEffects":true,"showParticleSystems":true},"in2DMode":false,"pivot":{"x":0.0815427303314209,"y":-0.35176241397857668,"z":12.30434799194336},"rotation":{"x":-0.2597499191761017,"y":0.017957482486963273,"z":-0.00483129546046257,"w":-0.9654971957206726},"size":1.0392307043075562,"orthographic":false}