{"cameraMode":{"drawMode":0,"name":"Shaded","section":"Shading Mode"},"sceneLighting":false,"audioPlay":false,"sceneViewState":{"showFog":true,"showMaterialUpdate":false,"showSkybox":false,"showFlares":true,"showImageEffects":true,"showParticleSystems":true},"in2DMode":false,"pivot":{"x":0.678903341293335,"y":6.509914398193359,"z":17.660417556762697},"rotation":{"x":0.004713740665465593,"y":0.7549471259117127,"z":0.005429623648524284,"w":-0.6557556986808777},"size":0.9188838601112366,"orthographic":false}