{"cameraMode":{"drawMode":0,"name":"Shaded","section":"Shading Mode"},"sceneLighting":false,"audioPlay":false,"sceneViewState":{"showFog":true,"showMaterialUpdate":false,"showSkybox":false,"showFlares":true,"showImageEffects":true,"showParticleSystems":true},"in2DMode":false,"pivot":{"x":0.0,"y":6.209255218505859,"z":17.796390533447267},"rotation":{"x":-0.45671892166137698,"y":-0.004806883633136749,"z":0.002467363839969039,"w":-0.889596700668335},"size":0.8797428607940674,"orthographic":false}