{"cameraMode":{"drawMode":0,"name":"Shaded","section":"Shading Mode"},"sceneLighting":false,"audioPlay":false,"sceneViewState":{"showFog":true,"showMaterialUpdate":false,"showSkybox":false,"showFlares":true,"showImageEffects":true,"showParticleSystems":true},"in2DMode":false,"pivot":{"x":0.0,"y":6.209255218505859,"z":17.796390533447267},"rotation":{"x":-0.17975005507469178,"y":0.3131386637687683,"z":-0.060485754162073138,"w":-0.9305787086486816},"size":0.8797428607940674,"orthographic":false}