{"cameraMode":{"drawMode":0,"name":"Shaded","section":"Shading Mode"},"sceneLighting":true,"audioPlay":false,"sceneViewState":{"showFog":true,"showMaterialUpdate":false,"showSkybox":true,"showFlares":true,"showImageEffects":true,"showParticleSystems":true},"in2DMode":false,"pivot":{"x":-6.767971992492676,"y":-0.8692047595977783,"z":5.531954288482666},"rotation":{"x":-0.42152783274650576,"y":-0.07683919370174408,"z":0.035874854773283008,"w":-0.9028443694114685},"size":10.0,"orthographic":false}