{"cameraMode":{"drawMode":0,"name":"Shaded","section":"Shading Mode"},"sceneLighting":false,"audioPlay":false,"sceneViewState":{"showFog":true,"showMaterialUpdate":false,"showSkybox":false,"showFlares":true,"showImageEffects":true,"showParticleSystems":true},"in2DMode":false,"pivot":{"x":-0.4499899744987488,"y":0.7238568067550659,"z":-0.6099284291267395},"rotation":{"x":0.18546278774738313,"y":0.4915623664855957,"z":-0.10802149772644043,"w":0.8439817428588867},"size":0.5660282969474793,"orthographic":false}