{"cameraMode":{"drawMode":0,"name":"Shaded","section":"Shading Mode"},"sceneLighting":false,"audioPlay":false,"sceneViewState":{"showFog":true,"showMaterialUpdate":false,"showSkybox":false,"showFlares":true,"showImageEffects":true,"showParticleSystems":true},"in2DMode":false,"pivot":{"x":-1.42755126953125,"y":0.525071382522583,"z":-1.3356380462646485},"rotation":{"x":-0.34605878591537478,"y":-0.06691098213195801,"z":0.024751678109169008,"w":-0.9354968070983887},"size":0.8414871692657471,"orthographic":false}