{"cameraMode":{"drawMode":0,"name":"Shaded","section":"Shading Mode"},"sceneLighting":false,"audioPlay":false,"sceneViewState":{"showFog":true,"showMaterialUpdate":false,"showSkybox":false,"showFlares":true,"showImageEffects":true,"showParticleSystems":true},"in2DMode":false,"pivot":{"x":0.0815427303314209,"y":-0.35176241397857668,"z":12.30434799194336},"rotation":{"x":-0.265456885099411,"y":0.10444812476634979,"z":-0.028941722586750985,"w":-0.9580116271972656},"size":1.0392307043075562,"orthographic":false}