{"cameraMode":{"drawMode":0,"name":"Shaded","section":"Shading Mode"},"sceneLighting":false,"audioPlay":false,"sceneViewState":{"showFog":true,"showMaterialUpdate":false,"showSkybox":false,"showFlares":true,"showImageEffects":true,"showParticleSystems":true},"in2DMode":false,"pivot":{"x":567.3656616210938,"y":271.0277099609375,"z":402.23590087890627},"rotation":{"x":-0.030298037454485894,"y":-0.023391034454107286,"z":0.0007109322468750179,"w":-0.9992789030075073},"size":579.4224853515625,"orthographic":false}