{"cameraMode":{"drawMode":0,"name":"Shaded","section":"Shading Mode"},"sceneLighting":true,"audioPlay":false,"sceneViewState":{"showFog":true,"showMaterialUpdate":false,"showSkybox":true,"showFlares":true,"showImageEffects":true,"showParticleSystems":true},"in2DMode":false,"pivot":{"x":0.43453359603881838,"y":-2.530876636505127,"z":9.22421932220459},"rotation":{"x":-0.4106074273586273,"y":0.026524603366851808,"z":-0.011951244436204434,"w":-0.9113499522209168},"size":10.0,"orthographic":false}